nombre,pep1,pep2,control1,control2
Orlando Matías Bravo Ramírez,53,63,40,66
Rosa Teresa Toro Torres,66,65,49,67
Lucrecia María Fonseca Zúñiga,51,69,46,48
Yolanda Catalina Jara González,58,53,45,51
Ethan Quiroz,43,67,53,48
Nicolás Córdova,57,60,45,59
Eduardo Benjamin Acuña Mansilla,57,45,51,63
Santiago John Ibáñez Reyes,70,63,42,56
Valeska Olga Flores Quezada,63,53,58,56
María Martínez,45,44,46,63
Carolina Araya,42,46,66,50
Verónica María Ahumada Pérez,50,40,54,50
Amalia Caro,40,70,56,62
Máximo Jiménez Rojas,63,53,40,40
Cristina Florencia Pincheira Fuentes,70,61,67,45
Olga Pérez Martínez,64,58,45,49
Camila Marcela Alvarado Maldonado,43,60,53,43
Javier Jorge Salas Roa,68,61,58,45
Eduardo Elías Tello Olivares,63,52,47,70
José Carrasco,56,59,62,69
Esteban Jaime Valenzuela Zúñiga,66,50,65,41
María Agustina Ramírez Arancibia,47,43,67,55
Erwin Benjamín Álvarez Ortega,46,63,65,64
Lilian Castro Gallardo,57,61,45,48
Ignacio César Díaz Miranda,58,53,56,69
Jeannette Irma Ortiz Peña,70,44,41,45
Mario Vargas Muñoz,49,67,66,40
Jonathan Méndez,44,70,47,51
Ángela Catalina Campos Torres,57,50,45,52
Alex Arce,50,40,41,41
Gaspar José Flores Pérez,62,54,42,52
Katherine María Contreras Moreno,65,69,45,65
Elizabeth María Soto Sepúlveda,40,64,62,51
Rodrigo Sobarzo Fernández,46,61,56,64
Luz Ximena Correa Salazar,43,55,59,41
Carolina Palma Quezada,40,60,55,50
Pamela María Ponce Mellado,64,59,70,53
Mateo González,69,70,57,46
Felipe Julián Silva Poblete,51,64,61,62
Saúl Juan Torres Iturra,43,57,44,42
Juan Mauricio Rojas Espinoza,55,45,68,70
Carlos Quezada Gutiérrez,50,47,46,45
Zulema Estay-Paredes,45,49,44,57
Carolina Guajardo Suazo,42,56,62,40
Gaspar Luciano Toro Silva,44,40,61,55
Stefano Francisco Bravo Alfaro,68,45,66,59
Belén Novoa Vivanco,69,65,67,43
Waldo Néstor Bravo Ortiz,48,56,64,52
Ana Carmen Tapia Mora,42,65,64,70
Justo Molina Donoso,54,53,45,47
Norma Lagos Moraga,69,68,45,40
Guido Meza,51,50,45,52
José Campos Espinoza,45,45,58,61
María Marianela Valenzuela Bustamante,66,56,68,47
Ernesto Márquez Carrasco,70,53,56,62
Matías Fernández Castillo,53,50,43,42
Daniel Pacheco Lobos,60,54,63,46
Magali Cárdenas Alvarado,60,59,58,46
Mariana Carmela Martínez-Romero Retamal,63,44,56,68
Carmen Cortés,47,50,58,49
Juan Pablo Cuevas Mancilla,44,57,56,62
Samuel Sepúlveda González,64,61,68,65
Waldo Vega Herrera,41,48,64,53
María Elizabeth Rivas Navarro,41,51,65,56
Luis Germán Miranda Gajardo,57,58,43,60
Nora López,64,42,44,51
Emilio Francisco Quintanilla Araya,68,62,60,41
Judith Marisol Oliva Cortés,48,63,54,61
José Alex Barría Mardones,51,52,49,54
María Inés González Núñez,59,48,49,63
Trinidad Melo Paz,55,55,41,48
José Carlos Guzmán Cuevas,54,40,47,51
Hernán Álvaro Cárdenas Morales,44,69,40,61
Ian Wladimir Muñoz Bello,60,65,69,42
Constanza Galdames Parada,40,43,59,67
Héctor Guillermo González Tello,46,67,52,55
Nicole Ana Ibarra Abarca,45,48,51,46
Diego Mejías,68,49,63,50
Jorge Diego Díaz Martínez,67,52,42,59
Gabriel López González,49,51,65,67
Luis Guerra,41,53,46,45
Claudina Castro Becerra,42,44,66,49
Gloria Javiera Rodríguez Aliaga,47,50,53,46
Maribel Patricia Ponce Toledo,40,44,43,70
Alice Yolanda Peña Silva,56,41,65,50
Roberto Alexander Andrade Villarroel,52,50,67,41
Julián Álvaro Barrera Bustamante,47,43,55,44
Carmen Miranda Herrera,58,46,48,58
Rafael Cabrera,57,51,45,63
Juan Oscar Quezada Rivera,49,41,67,67
Rosalía Díaz-Barros,42,43,56,46
Sylvia Castillo,57,56,61,70
Jesús Rodríguez González,53,56,40,64
Valentina Aguayo,56,44,58,57
José Cornejo,50,58,64,65
José Pacheco Soto,68,45,54,53
Sergio Carlos Carrasco Pizarro,54,40,51,61
Sara Lillo Salazar,40,67,52,51
Rodrigo Orrego Sandoval,61,66,57,61
Matteo Mario Beltrán Bravo,59,40,50,55
Javiera Ana Ortiz García,54,41,50,50
Constanza Sánchez González,52,65,49,44
Augusto Jorge Salazar González,52,58,59,41
Martina Paula Sánchez Salazar,58,43,55,70
Mauro Villagra Bravo,43,43,59,45
Vicente Navarrete León,41,70,41,49
Paulina Rosa Muñoz Hernández,66,46,56,43
Marcelo Muñoz,54,55,55,41
Rolando Eduardo Guerrero Vargas,53,47,68,47
Gaspar Alejandro Canales Velásquez,50,63,65,45
Benjamín Segundo Vergara Bahamonde,52,58,57,47
Luz Uribe Jara,61,55,69,45
Vicente Angulo,68,46,57,58
Katherine Barría Gutiérrez,69,57,60,46
Simón Vladimir Soto González,45,61,63,54
Claudio Cisternas Santos,67,64,40,60
Claudia Toledo Troncoso,46,42,65,68
Jonathan Jair Pacheco Fuentes,64,42,57,65
Alejandra Noemí Pardo Letelier,43,43,48,58
Daniela Macarena Reyes Monsalve,47,46,48,47
Leontina Neira Pineda,55,51,63,62
Roberto James Cabrera García,54,61,52,57
Luis Alex Carrasco Alarcón,47,60,54,67
Magdalena Cecilia Vega Gallardo,66,69,56,43
Bastián David Contreras Cepeda,56,40,56,69
Isidora Mia Yáñez Mora,57,69,61,51
Carmen Ruiz Briones,47,52,55,61
Irene Correa,42,53,54,43
Santiago Víctor Díaz Aguilar,50,47,54,49
Myriam Peña-Muñoz,53,58,43,45
Karen Toro,46,63,59,69
Cristóbal Julián García Galaz,52,48,58,68
Javiera Meza López,60,64,65,45
Wilson Ceballos,60,40,56,63
Fernando Martínez,63,48,40,65
Maricela Figueroa,70,55,68,50
Rafael Belmar,62,60,46,65
Yasna Cancino-Aros Garrido,60,49,40,63
Digna Viviana Delgado González,52,51,46,69
José Diego Castro Rodríguez,57,48,47,42
Manuel Cruz,69,65,46,48
Josefina Rosa Flores Tapia,69,57,40,40
María Arenas,44,58,58,65
Cornelio William Rodríguez Mora,69,65,44,50
Thomas Bustamante Marambio,46,44,66,59
María Margarita Salinas Meza,59,49,56,49
Magdalena Rivas Ojeda,40,46,53,52
Armando Almonacid Barrientos,69,61,58,52
Martina Jessica Tapia Ramírez,65,60,60,63
Pedro Piña,61,65,54,58
Camilo Marcos González Contreras,57,48,56,49
Juan Campos Fernández,57,42,61,55
Patricio Raúl Vergara Díaz,67,62,55,69
José Maldonado González,60,45,68,53
Nancy María Guerrero Cabezas,41,62,43,63
Tiare González Plaza,68,66,43,48
Norberto Barrientos,61,50,68,53
María Barrios Pérez,63,52,55,42
Alonso Sergio Vega Cárdenas,52,62,60,43
Marlene Fernández,63,53,47,59
Luis Marcos Pérez Riveros,40,64,54,44
Víctor Ríos Cisternas,60,40,51,45
María Teresa Alegría Cáceres,66,61,48,69
Moisés Manuel Silva Zepeda,44,52,45,49
Felipe Víctor Cartes Rubio,50,60,59,50
Cesar Olivares Allende,53,41,51,47
Amaro Valenzuela,62,59,67,54
Luis Simón Aguirre Zamora,40,51,61,52
María Martina Zamora González,55,44,59,64
Juana Isidora Farías Hernández,64,51,67,62
Emilio Figueroa,66,58,66,68
Erik Zamora Parra,49,65,57,44
Vanessa Karen Muñoz Catalán,55,54,62,40
Carolina Fernanda Ramírez Riffo,54,64,51,47
Marcela Rosa Guzmán Zavala,53,55,47,59
María Belmar,56,50,55,49
Rosa Serrano,66,59,47,68
Karen Jara Mondaca,53,50,69,43
María Ana Becerra Gómez,44,45,57,41
Vicente Adolfo Godoy Silva,64,62,61,70
Sonia Valderrama Orellana,64,43,64,52
Leonardo Andrés Peñaloza González,44,51,42,46
Pablo José Román Muñoz,61,46,40,43
Katherine Rafaela Fuentes Valdés,50,48,58,47
Joaquín Burgos Soto,60,57,59,48
María Naranjo Monsalve,70,59,58,49
Anahí Rozas Sepúlveda,51,50,52,40
María Julieta Bobadilla-Morales Bustamante,58,43,58,54
Sofía Clara Vilches Jaque,54,60,50,47
Catherine Juana Poblete Moraga,48,43,45,61
Claudia Valdés Sáez,49,61,41,56
Ximena María Retamales González,44,44,56,46
Margarita Isabel Castro Vargas,62,48,46,67
Ezequiel Manuel Hernández Muñoz,48,69,51,41
Carol Sepúlveda Parra,42,69,62,69
Marcia Catalina Acosta Farías,44,65,63,47
Teresa González Martínez,62,70,41,65
Marisol Catalina Salgado Orellana,66,44,40,41
Rosa Edith Jaramillo Castillo,44,52,53,58
Emilio Fuentealba,53,40,45,70
Caroline Michelle Mardones Arredondo,44,61,56,56
María Farías Medina,44,55,66,43
Moisés Maximiliano Collao Riveros,51,63,42,63
José Leyton Álvarez,44,40,42,65
Monserrat Ana Barrios Rosales,67,51,44,69
Sofía Riquelme Sepúlveda,51,50,70,46
Hugo Alejandro Figueroa Vergara,49,46,57,50
Brígida Riquelme,52,42,50,45
Facundo Diego Morales Ovalle,48,55,69,57
Eduardo López Miranda,45,57,62,44
Adela María Rodríguez Garrido,52,40,54,44
Margarita Aída Lillo Calderón,68,68,48,44
Tomás Araneda Mansilla,64,61,44,57
Olivia Ida Ampuero Tapia,63,59,48,69
Esteban Tomas Gutiérrez Peña,62,48,49,62
Sonia Paola Toledo Videla,40,56,58,51
Florencia Sepúlveda,62,52,57,46
Jean Francisco Toro Bernal,52,43,68,69
Benjamin Elian Díaz Beltrán,43,60,57,45
Antonia Catalina Espinoza Córdova,54,65,56,45
Rodrigo Jhon Morán Cortés,42,61,66,58
Gaspar Rigoberto Ramírez Rodríguez,43,65,43,53
Dante Ruz,44,70,64,63
José Alfonso Miranda Hernández,41,54,60,43
Brandon Patricio Yáñez Fuentes,52,48,49,44
Sabina Luciana Barrientos Poblete,56,56,47,65
Emilia Danitza Opazo Cortés,69,63,45,60
José Franklin Flores Arévalo,43,53,44,48
Joaquín Jorge Vásquez Morales,47,65,43,61
Angelo Francisco Alarcón Sandoval,50,61,52,57
María Paula Toloza Pinto,70,65,63,58
Enrique Luis Cabrera Cárdenas,65,48,46,51
Miguel José Peña Fuentes,52,49,40,49
David Sandoval Retamal,68,68,62,62
Sara Zoila Vargas Peña,59,53,54,53
Amanda Amalia Montenegro Zúñiga,55,43,55,55
Ramón Sánchez Parra,47,58,41,51
Manuel Juan Vargas Pérez,45,56,46,47
Felipe Jeremy Baeza Vargas,69,64,42,68
María Jacqueline Pérez Sánchez,70,65,58,65
Karol Teresa Núñez Araya,67,65,57,46
Cristóbal Osses Jiménez,45,44,45,60
María Chávez,40,66,68,43
Luis Gonzalo Silva Pérez,44,40,69,70
Mireya Urzúa Villegas,64,69,41,48
Jessica Sonia Campos Henríquez,43,66,57,49
María Daniela Rebolledo Novoa,70,66,66,40
Francisco Reinaldo Parra Toloza,55,59,58,47
Diana Rosa Astudillo Corvalán,50,60,42,40
Katherine Rojas,40,60,53,43
Bruno Venegas,49,54,42,42
Simón Luis Órdenes Pérez,52,70,44,54
Leticia Elizabeth Ramos Muñoz,50,55,63,61
Marcela Santana-Sepúlveda,44,60,66,56
Pedro Valdebenito Díaz,52,67,47,53
Roberto Víctor Silva Contreras,67,44,53,61
Joaquín José Maldonado Cortés,66,51,62,69
Raúl Rafael Torres Donoso,47,52,70,40
Alfonso Jorge Cáceres Órdenes,54,51,43,70
Juan Sánchez Carrillo,62,55,68,66
Pamela Martina Ramírez Carrasco,68,51,43,59
Magaly Donoso Concha,48,42,56,46
Nicole Alejandra Araya Cortés,40,43,52,60
Edelmira Navarrete,50,57,55,60
Matías Demian Loyola Fuenzalida,45,47,63,48
Elisa Vania Pavez Peñaloza,53,40,44,43
Angélica Ramos,45,52,47,68
Magaly Valentina Paz Canales,43,46,63,53
Sebastián Soto López,61,40,46,58
Víctor Sanhueza,54,53,56,50
Leonardo Matías Muñoz Suazo,58,52,53,48
Silvia Elizabeth León Herrera,69,53,41,45
Haydée Fabiola Campos Peralta,60,62,62,69
María Elsa Gallardo Mellado,69,43,51,54
Isaac Fuentes,40,49,64,41
Sebastián Ruiz Palma,54,61,57,66
Sebastián Cristopher Véliz Rodríguez,60,43,65,64
Cristina Castañeda,56,54,53,65
Gloria Macarena Villalobos Montes,44,68,41,42
Erwin Hernán Tapia Toro,45,65,44,54
José Lorenzo López Miranda,70,70,58,54
Juan González Hernández,40,50,67,53
María Cecilia Vargas Lobos,50,66,50,53
Cynthia Ana Ortiz Romero,57,57,55,48
René Hernán Zamora Naranjo,60,50,53,42
Romina Ignacia Araya Cisternas,45,65,47,55
Mia Vásquez Hermosilla,55,63,64,58
Marcelo Marco Cáceres Galaz,57,42,50,48
Samantha Gloria Vega Arteaga,57,50,65,65
Lorenzo Alonso García Ibáñez,55,51,70,57
Luz Elisabeth Sanhueza Rodríguez,65,49,62,67
Leónidas Claudio Ortiz Gaete,57,51,62,45
Karla Mía Pinto Vásquez,50,42,43,54
Antonella Catalina Sáez Ortiz,67,53,54,65
Gladys Juana Rodríguez Hermosilla,70,54,63,62
Nancy Natalia Rojas Carrasco,58,46,53,47
Adolfo Kevin Gómez González,61,64,47,66
Francisca Leslie Venegas Guzmán,51,54,50,53
Susana Aliaga,66,53,70,56
Hernán Dante Aravena Troncoso,43,65,40,62
Raúl Olea Pino,51,63,61,69
Ricardo López Valladares,54,67,64,40
Javiera Carmen Bernal Huerta,70,65,61,47
Benjamín Guzmán Andrade,61,41,44,51
Benito Bruno Avendaño Andrade,58,67,60,40
Jeannette Álvarez Mendoza,46,65,40,49
Yolanda Torres Cáceres,61,52,56,60
Jacqueline Reyes Astete,45,46,62,67
Silvana Emilia Ampuero Muñoz,50,50,66,50
Renata Muñoz Yáñez,53,66,47,65
María Belén Bravo Alvarez,46,69,54,68
Mateo Luis Sepúlveda Pérez,66,40,47,47
Rosa Vásquez Ponce,68,58,66,47
Jorge Kevin Valenzuela Ibarra,65,67,54,63
Fabián Delgado Torres,45,64,41,70
Benjamín Miguel Oyarce Flores,70,62,66,70
Juan Carreño Domínguez,69,54,44,44
Jessica Cofré,54,56,61,70
Silvia Angie Astudillo Yáñez,51,59,47,50
Steven Yáñez Cáceres,40,43,45,44
Estefanía Pía Troncoso Aguirre,67,43,64,62
Luisa Constanza Sáez Lara,43,50,59,53
Margarita María Romero Acuña,58,68,50,64
Sergio Pizarro Fuentes,60,56,51,46
Daniela Paulina Villarroel Moreno,52,42,53,46
Gustavo Castillo Silva,54,46,43,45
Amanda Antonella Valdés Herrera,60,45,57,51
Esteban Chacón Vidal,43,65,43,60
Rocio Camila Gómez Córdova,48,44,50,69
Gastón Castillo Díaz,64,47,56,67
Nibaldo Gutiérrez Yáñez,58,70,64,55
Bernardo Gastón Acevedo Godoy,64,40,48,48
Marcela Alicia Villalobos Reyes,55,50,65,40
María Mariela Urbina Oyarce,68,50,67,63
Alejandrina Anita Aedo González,65,56,61,57
Mary Margarita Rojas Toledo,40,63,51,59
Pamela María Cárcamo González,62,64,47,40
Jessica Karina Valenzuela Mardones,42,62,59,45
Sergio Barría,64,47,51,63
Juan César Rojas Pizarro,49,54,54,41
Cristian Javier Oliva Pardo,41,61,65,68
César Cárcamo Méndez,68,56,42,58
Bruno Cristian Mora Rojas,58,42,65,50
María Ana Gutiérrez Moreno,46,58,53,65
Carla Martina Salas Becerra,50,56,66,40
Aníbal Iván Hernández Ortega,58,43,57,67
Eduardo Martín León Aranda,46,59,62,49
Rodrigo Pacheco-Campos Peña,44,44,53,58
María González Vergara,68,67,70,62
Dilan Matías Araya Garrido,46,64,68,67
Mauricio Luis Riveros Ulloa,54,50,45,53
Patricia Jeannette Segovia Altamirano,68,51,70,64
Sandra Inés Muñoz Fernández,44,51,69,47
José Sánchez Villarroel,54,69,64,62
Christian Vicente Andrade Gutiérrez,68,69,53,63
Norma Eva Díaz Vásquez,68,55,63,63
Juan Salazar,66,49,69,47
Alice María Navarrete Peña,53,42,69,47
Bárbara Melissa Martínez Elgueta,53,67,70,45
Francisco Joaquín Herrera Pizarro,57,58,60,56
José Carlos Correa Sáez,40,59,50,63
Renato Juan Aguirre Orellana,48,55,40,61
Cecilia María Rocha Durán,50,53,48,55
Paulo Diego Silva Pizarro,43,68,48,50
Juan Fuentealba,67,64,46,57
Karla Mariela Albornoz Mellado,62,40,65,40
Guillermo Parra López,60,62,51,44
Alejandra Yasna Matus Salinas,45,45,61,49
Franco Matías Jaramillo Villalobos,52,69,56,68
María Pacheco Norambuena,62,42,54,65
Claudia Aguilera,58,42,70,51
María Fuentes,52,69,68,62
Gonzalo Eduardo Aros Moya,43,58,58,64
Nadia Muñoz,53,42,61,43
Alex Fierro Fuentes,67,62,57,45
Catalina Muñoz,69,41,68,61
José Patricio Inostroza Ríos,45,50,41,46
Margarita Eloísa Rojas San Martín,47,56,66,62
Luis Ayala Álvarez,62,67,59,63
Alexandra Fuentes Cifuentes,46,60,60,59
Olga Nancy Astorga Saldaña,43,60,62,52
Ana Ingrid Lira Espinoza,44,61,51,66
Juan Martín Fuentes Briceño,62,67,52,62
Nancy Peña,49,61,65,42
Elena María Ramos Toro,40,50,50,54
Claudio Axel Encina Pereira,43,49,40,46
Max Pedro Arriagada Moraga,48,51,63,66
Cristian Arcos,40,48,51,69
Susana Yessenia Lizama Muñoz,60,40,54,53
Pablo Santiago Vega Toro,69,63,56,64
Benjamín Cristian Villegas Oyarzún,55,40,56,43
Diego Galaz,70,42,56,58
Liliana Amalia Espinoza Valderrama,64,43,68,52
Arsenio Cristhofer Ponce Muñoz,64,49,66,43
Ángel Astorga Arroyo,60,51,63,53
Emilia Orellana,42,58,70,51
Magdalena Rossana Saavedra Echeverría,53,42,69,50
María Mónica San Martín Pinto,57,62,64,40
Felipe Molina Contreras,59,56,50,40
Javiera Sophia Núñez Ibáñez,67,66,46,53
Nelson Ramón Cáceres Hernández,57,61,42,50
Sandra Orellana,57,48,65,70
Lidia Pamela Martínez Aravena,69,50,65,61
Patricio Miguel Rubio Rojas,68,49,40,55
Ignacio Hidalgo Acuña,65,45,41,52
Carla María Baeza Guerrero,67,49,68,62
Lorena Carmen Olivares Machuca,45,59,67,63
Daniel Pedro Córdova Villegas,63,42,65,67
Víctor Díaz,42,63,47,56
Arturo Barrientos Martínez,48,67,62,52
Hugo Fuentealba,40,52,65,56
Carlos Muñoz,68,64,67,66
Hugo Ruiz Flores,52,67,68,49
María Martina Molina Guajardo,42,41,69,43
Maite Cecilia Lizama-Véliz Mercado,70,43,60,63
Cristóbal Ríos-Reyes,67,42,47,64
Raquel Petronila Rubio Castillo,44,40,70,61
Gema Arévalo,64,47,46,60
Sofía Francisca Aravena Torres,45,64,51,60
Alejandra Castro,50,42,47,40
Pedro Benjamín Retamal Rojas,64,52,51,69
Constanza Ulloa,42,54,46,48
Oscar Bravo,57,55,60,66
Mónica Catalina Rodríguez Herrera,64,46,53,43
Valentín Riffo,46,69,66,53
Juana Claudia Fernández Herrera,65,54,58,49
Sara Victoria Morales Acuña,54,47,52,67
Viviana Valenzuela Pavez,51,65,56,48
Pedro Ramírez,64,63,59,69
Margarita Maritza Molina Campos,52,53,57,60
Deisy Bustamante,42,40,66,50
Eduardo Zurita Vargas,67,43,48,65
Margarita Oyarzún Uribe,48,56,48,60
Claudia Antonella Luengo Alegría,44,56,65,61
José Moraga Acevedo,62,53,65,54
Juan Pedro Garrido Gallardo,60,68,48,70
José Torres Fernández,42,52,48,48
Arnaldo Pizarro,65,53,40,56
Marcos Calderón,57,56,50,52
Ruth Carmen Galdames Díaz,49,45,50,70
María Urbina,58,70,45,47
Gladys Toloza,45,67,67,51
César Renzo Castro Barría,64,43,51,46
Marco Jean Medina Collao,47,53,58,44
Julia María Gutiérrez Alvarado,69,51,65,41
Eduardo Meneses Paredes,54,69,60,59
Anahí Palma González,51,67,62,42
Francisco Jorge Uribe Parra,56,61,40,55
Carlos Gómez Fuentes,61,62,67,55
María Marcia Torres Vargas,42,45,67,49
Gabriel Valenzuela Bruna,59,46,61,66
Ariel Jaime Cáceres Salas,63,63,57,49
José Alexander Ramos Valdebenito,47,49,65,44
Miguel Mauricio Meza Castro,57,54,67,44
María Cabello Méndez,64,42,69,51
José Venegas,42,67,69,40
Rosalía Ruiz Vivanco,69,45,65,58
Jorge Pacheco,44,67,41,42
Marlene Julieta Marchant González,63,63,56,45
Flor Parraguez Torres,50,63,68,62
Gloria Zepeda Yáñez,59,70,50,66
Rubén Aguirre Ruiz,42,69,40,42
Gustavo Mendoza,62,66,49,52
Maritza Jimena Guajardo Chandía,44,54,49,67
Luciano Ibarra Moreno,54,53,67,48
Sofía Cortés,55,45,44,70
Armando Figueroa,66,42,61,52
Bastián Garrido Ampuero,57,52,68,50
Paola Cecilia Sepúlveda Méndez,52,62,52,68
Dina Castillo Vásquez,41,40,62,48
Raquel Rojas Zamora,59,48,70,48
Maicol Luis Benítez Castillo,40,45,53,64
Alexis Angulo,53,65,53,45
Patricio Vásquez Gallardo,41,66,41,65
Clementina Melanie Cerda Silva,60,70,50,57
Jesús Cornelio Barrientos González,53,55,66,55
Rosa Becerra Pinilla,46,47,56,65
César Cerda Núñez,48,59,52,57
Ximena Hernández,60,61,49,43
María Cartes Aravena,67,60,53,61
Juan Thomas Cancino Zúñiga,68,42,70,50
María Mireya Vallejos Torres,67,64,65,58
Gabriel Mauricio Ulloa Garcés,65,43,56,65
Florencia Carolina Acevedo Vega,69,64,44,63
Antonia Belén Sepúlveda Reyes,52,62,42,48
Rosa Salazar Aguilera,60,44,51,44
Hernán Gustavo Valenzuela Alvarado,41,57,43,68
María Cortés Espinoza,49,48,70,46
Ema González Valdivia,53,62,61,65
Vicente Marco Castro Cartes,69,70,58,60
Claudia Godoy,69,41,69,66
Juan Néstor Silva Rojas,49,51,58,45
Aníbal García Flores,63,46,49,57
Marco Cristian Abarca Araneda,55,44,50,56
Leonor Fredes,64,57,62,64
María Sandra Ceballos Villalobos,51,46,63,57
Denisse Margarita Álvarez Alarcón,56,41,53,41
Ariela González Guzmán,40,57,41,45
Andrea Francesca Salinas Sepúlveda,60,48,65,52
Sebastián Juan Cortez Aguirre,63,48,70,48
